"pigeon_milk","hummingbird","Clients TIE!"
"266","244","490"
"rock","2944639","rock","2931474","Tie"
"rock","497215","paper","707489","hummingbird won"
"rock","4987546","rock","4974790","Tie"
"scissors","1980804","rock","1951245","hummingbird won"
"paper","2613292","rock","2601975","pigeon_milk won"
"paper","1593596","rock","1582480","pigeon_milk won"
"paper","3822649","paper","3809693","Tie"
"scissors","1915254","paper","1902072","pigeon_milk won"
"paper","5496580","paper","5483851","Tie"
"scissors","407469","paper","604593","pigeon_milk won"
"scissors","406095","scissors","596912","Tie"
"paper","351871","scissors","532936","hummingbird won"
"scissors","420488","scissors","614844","Tie"
"rock","396385","scissors","586442","pigeon_milk won"
"scissors","390451","scissors","575945","Tie"
"rock","400985","scissors","591148","pigeon_milk won"
"rock","570175","scissors","784367","pigeon_milk won"
"rock","474136","scissors","671242","pigeon_milk won"
"rock","433240","rock","619376","Tie"
"paper","420357","rock","741456","pigeon_milk won"
"paper","434563","rock","618435","pigeon_milk won"
"paper","5041453","paper","5364041","Tie"
"scissors","3530911","paper","3518155","pigeon_milk won"
"scissors","606075","paper","810949","pigeon_milk won"
"scissors","429082","scissors","621078","Tie"
"rock","633565","scissors","841151","pigeon_milk won"
"rock","463547","scissors","652920","pigeon_milk won"
"rock","490498","scissors","680729","pigeon_milk won"
"rock","466090","rock","658529","Tie"
"paper","467520","rock","660635","pigeon_milk won"
"paper","464762","rock","678016","pigeon_milk won"
"scissors","466328","paper","641661","pigeon_milk won"
"scissors","479615","scissors","653998","Tie"
"rock","4005284","paper","275956","hummingbird won"
"paper","692849","scissors","898559","hummingbird won"
"rock","497014","scissors","691977","pigeon_milk won"
"rock","519731","rock","713472","Tie"
"paper","467955","rock","657298","pigeon_milk won"
"paper","561999","rock","758771","pigeon_milk won"
"paper","537167","rock","767837","pigeon_milk won"
"scissors","528481","paper","721248","pigeon_milk won"
"rock","522451","scissors","718061","pigeon_milk won"
"rock","808498","rock","1011068","Tie"
"paper","4211056","rock","330775","pigeon_milk won"
"scissors","632524","rock","925497","hummingbird won"
"paper","555222","paper","752010","Tie"
"scissors","600048","scissors","797706","Tie"
"rock","680410","scissors","881937","pigeon_milk won"
"rock","575282","paper","776290","hummingbird won"
"rock","581575","rock","792687","Tie"
"paper","701822","rock","888781","pigeon_milk won"
"scissors","5372602","paper","377878","pigeon_milk won"
"rock","705832","scissors","912717","pigeon_milk won"
"paper","652363","rock","857041","pigeon_milk won"
"paper","574671","rock","768278","pigeon_milk won"
"scissors","1190377","paper","1875809","pigeon_milk won"
"scissors","2955686","paper","2942554","pigeon_milk won"
"rock","4284961","scissors","4271698","pigeon_milk won"
"paper","5113474","scissors","5100338","hummingbird won"
"rock","3395970","scissors","3382709","pigeon_milk won"
"rock","5374941","rock","5362185","Tie"
"paper","2979934","rock","2966474","pigeon_milk won"
"scissors","2789386","rock","2776256","hummingbird won"
"scissors","5400743","rock","5387413","hummingbird won"
"paper","5483872","paper","5470873","Tie"
"scissors","2821326","paper","2808440","pigeon_milk won"
"rock","4993496","scissors","4980328","pigeon_milk won"
"paper","5756271","scissors","5743473","hummingbird won"
"rock","2983478","paper","2970895","hummingbird won"
"paper","2919338","rock","2906690","pigeon_milk won"
"paper","3299886","paper","3286696","Tie"
"scissors","2514953","paper","2502500","pigeon_milk won"
"rock","5377460","paper","5365263","hummingbird won"
"paper","2911509","rock","2898273","pigeon_milk won"
"paper","5051568","scissors","5038650","hummingbird won"
"rock","5181075","rock","5168405","Tie"
"paper","2031491","paper","2018304","Tie"
"scissors","4409686","paper","4396285","pigeon_milk won"
"rock","4303628","paper","4290423","hummingbird won"
"paper","3581382","scissors","3568662","hummingbird won"
"rock","4116367","paper","4102953","hummingbird won"
"paper","6164959","paper","6487886","Tie"
"scissors","2632165","rock","2617508","hummingbird won"
"scissors","4692301","scissors","4679589","Tie"
"rock","5648724","paper","5635332","hummingbird won"
"paper","6030455","scissors","6018076","hummingbird won"
"rock","973842","rock","1197522","Tie"
"paper","5118096","rock","5104793","pigeon_milk won"
"scissors","891917","paper","1100506","pigeon_milk won"
"scissors","4884187","rock","4870761","hummingbird won"
"paper","2497600","scissors","2484444","hummingbird won"
"rock","5289477","paper","5276512","hummingbird won"
"paper","969867","paper","1174795","Tie"
"scissors","971659","paper","1192207","pigeon_milk won"
"scissors","1041686","rock","1007664","hummingbird won"
"rock","4606880","scissors","385322","pigeon_milk won"
"rock","875919","scissors","1079988","pigeon_milk won"
"paper","969500","rock","1168050","pigeon_milk won"
"paper","2989357","rock","252346","pigeon_milk won"
"scissors","1731170","rock","2042475","hummingbird won"
"rock","7958994","scissors","7945125","pigeon_milk won"
"rock","5551099","rock","5537929","Tie"
"scissors","4202795","scissors","4190138","Tie"
"rock","8461511","rock","8448229","Tie"
"paper","4166430","rock","4153498","pigeon_milk won"
"paper","3273643","rock","3260046","pigeon_milk won"
"scissors","4759545","rock","4746672","hummingbird won"
"rock","2650696","paper","2637488","hummingbird won"
"paper","8021221","scissors","8007621","hummingbird won"
"rock","2475075","rock","2462132","Tie"
"scissors","4963327","paper","4950618","pigeon_milk won"
"rock","4992109","rock","4979334","Tie"
"paper","4713589","rock","4700938","pigeon_milk won"
"paper","2650286","rock","2637275","pigeon_milk won"
"paper","2839823","paper","2827113","Tie"
"scissors","3194086","paper","3181009","pigeon_milk won"
"rock","4223877","scissors","4210166","pigeon_milk won"
"rock","4834170","scissors","4821318","pigeon_milk won"
"paper","2568238","rock","2554677","pigeon_milk won"
"scissors","5237003","rock","5224212","hummingbird won"
"rock","2070300","scissors","2056453","pigeon_milk won"
"paper","5744791","paper","5731688","Tie"
"scissors","5165437","rock","5152632","hummingbird won"
"rock","2168566","scissors","2155285","pigeon_milk won"
"scissors","2588786","rock","2564368","hummingbird won"
"rock","4838563","scissors","4824983","pigeon_milk won"
"scissors","1013870","rock","1218676","hummingbird won"
"rock","1086123","scissors","1309472","pigeon_milk won"
"scissors","2949508","rock","2936940","hummingbird won"
"scissors","1045351","rock","1249918","hummingbird won"
"rock","1099036","scissors","1304027","pigeon_milk won"
"scissors","2463740","rock","2451204","hummingbird won"
"paper","939720","scissors","1127289","hummingbird won"
"scissors","7830283","paper","425135","pigeon_milk won"
"rock","973668","paper","1185348","hummingbird won"
"paper","4984989","rock","346322","pigeon_milk won"
"rock","1045477","rock","1270584","Tie"
"scissors","942173","rock","1146612","hummingbird won"
"paper","1180349","scissors","1063321","hummingbird won"
"scissors","6102918","scissors","381995","Tie"
"rock","954510","paper","1162049","hummingbird won"
"rock","944745","paper","1149343","hummingbird won"
"paper","871761","scissors","1084989","hummingbird won"
"scissors","6386639","paper","364875","pigeon_milk won"
"rock","996728","rock","1197102","Tie"
"scissors","947129","paper","1144646","pigeon_milk won"
"rock","1260897","rock","1248237","Tie"
"scissors","6074281","rock","381982","hummingbird won"
"paper","917358","rock","1121517","pigeon_milk won"
"scissors","961396","scissors","1164033","Tie"
"rock","975329","scissors","1162674","pigeon_milk won"
"scissors","1805654","paper","266731","pigeon_milk won"
"rock","4101768","rock","320263","Tie"
"scissors","1087315","scissors","1310984","Tie"
"rock","1132605","scissors","1348433","pigeon_milk won"
"scissors","5411804","scissors","433631","Tie"
"rock","968166","scissors","1168403","pigeon_milk won"
"scissors","936313","rock","1132774","hummingbird won"
"paper","940365","scissors","1125223","hummingbird won"
"scissors","6187657","scissors","393756","Tie"
"rock","972575","scissors","1178159","pigeon_milk won"
"scissors","970731","scissors","1173301","Tie"
"scissors","984645","scissors","1184844","Tie"
"scissors","6325874","rock","341659","hummingbird won"
"paper","968122","scissors","1171119","hummingbird won"
"rock","1255203","scissors","1481921","pigeon_milk won"
"scissors","1030273","scissors","1318179","Tie"
"scissors","5034518","rock","412772","hummingbird won"
"paper","963331","scissors","1167197","hummingbird won"
"scissors","990488","scissors","1192192","Tie"
"scissors","1095727","scissors","1274859","Tie"
"paper","6312053","paper","330813","Tie"
"scissors","932367","scissors","1136244","Tie"
"scissors","977663","scissors","1181841","Tie"
"scissors","1032446","paper","1219415","pigeon_milk won"
"rock","6052028","scissors","309859","pigeon_milk won"
"scissors","939077","scissors","1139245","Tie"
"scissors","989620","scissors","1191531","Tie"
"scissors","1006927","scissors","1193632","Tie"
"scissors","6500361","scissors","327368","Tie"
"scissors","952755","scissors","1288013","Tie"
"scissors","972658","scissors","1173997","Tie"
"scissors","5058992","scissors","1000880","Tie"
"scissors","984715","scissors","1182514","Tie"
"scissors","981397","scissors","1203541","Tie"
"scissors","935456","scissors","1143076","Tie"
"scissors","6485453","scissors","376317","Tie"
"scissors","1025447","scissors","1871127","Tie"
"rock","1161288","scissors","1384237","pigeon_milk won"
"scissors","1017648","scissors","1200904","Tie"
"scissors","5288304","rock","335564","hummingbird won"
"paper","972621","scissors","1173693","hummingbird won"
"scissors","1383929","paper","1670208","pigeon_milk won"
"rock","7095124","scissors","7082962","pigeon_milk won"
"scissors","4914356","scissors","4901378","Tie"
"paper","5054181","rock","5042110","pigeon_milk won"
"scissors","3228742","paper","3215511","pigeon_milk won"
"paper","3690031","paper","3668033","Tie"
"scissors","2291675","paper","2279491","pigeon_milk won"
"paper","5235432","scissors","5223443","hummingbird won"
"rock","2648782","scissors","2635923","pigeon_milk won"
"scissors","5268546","scissors","5255759","Tie"
"paper","2265416","rock","2253248","pigeon_milk won"
"rock","5218969","paper","5206780","hummingbird won"
"paper","5259764","scissors","5234613","hummingbird won"
"rock","5003258","rock","4990653","Tie"
"scissors","3663091","rock","3650573","hummingbird won"
"paper","2490802","rock","2478668","pigeon_milk won"
"rock","2283923","rock","2271416","Tie"
"scissors","5131002","paper","5118591","pigeon_milk won"
"paper","2721593","paper","2709225","Tie"
"rock","4037460","rock","4025276","Tie"
"scissors","2565048","scissors","2552389","Tie"
"paper","5026360","rock","5014751","pigeon_milk won"
"rock","5232359","rock","5219690","Tie"
"scissors","5124519","rock","5112250","hummingbird won"
"paper","2179012","scissors","2165882","hummingbird won"
"scissors","5104346","paper","5092388","pigeon_milk won"
"paper","2199982","scissors","2187388","hummingbird won"
"rock","2949523","paper","2937057","hummingbird won"
"rock","2861109","scissors","2016027","pigeon_milk won"
"scissors","3488989","paper","3476648","pigeon_milk won"
"scissors","2333935","rock","2321386","hummingbird won"
"paper","5129383","scissors","5117004","hummingbird won"
"paper","2172176","scissors","2160242","hummingbird won"
"rock","3183973","paper","3171413","hummingbird won"
"rock","3900155","paper","3887176","hummingbird won"
"rock","3357081","paper","3344431","hummingbird won"
"rock","4419047","rock","4406571","Tie"
"scissors","1019919","rock","1249394","hummingbird won"
"paper","950550","rock","1178406","pigeon_milk won"
"rock","3604414","rock","3591876","Tie"
"scissors","3887597","paper","3874955","pigeon_milk won"
"paper","2206474","scissors","2193755","hummingbird won"
"paper","8365906","paper","8353248","Tie"
"scissors","2085255","scissors","2073470","Tie"
"paper","12818641","paper","12805980","Tie"
"scissors","5117824","scissors","5105602","Tie"
"paper","2688561","scissors","2676062","hummingbird won"
"paper","1195168","scissors","1404608","hummingbird won"
"paper","5423859","paper","349392","Tie"
"scissors","1202560","paper","1438291","pigeon_milk won"
"paper","1153217","scissors","1372575","hummingbird won"
"paper","957472","paper","1137374","Tie"
"rock","5750832","scissors","313156","pigeon_milk won"
"scissors","989252","paper","1196738","pigeon_milk won"
"paper","992532","paper","1197235","Tie"
"rock","976386","rock","1163735","Tie"
"scissors","6171445","paper","309762","pigeon_milk won"
"paper","1068336","paper","1304040","Tie"
"paper","5430298","paper","5420101","Tie"
"rock","2776660","paper","2766526","hummingbird won"
"rock","2407445","rock","2397358","Tie"
"scissors","5236779","paper","5227350","pigeon_milk won"
"paper","963809","rock","1163940","pigeon_milk won"
"rock","1537324","paper","1794655","hummingbird won"
"rock","4411554","rock","4401941","Tie"
"scissors","9027325","paper","9016944","pigeon_milk won"
"rock","2065917","rock","2055845","Tie"
"rock","5735884","rock","5726181","Tie"
"scissors","972612","rock","1171407","hummingbird won"
"scissors","5429648","rock","5419736","hummingbird won"
"paper","2368495","rock","2358898","pigeon_milk won"
"rock","5301462","scissors","5291196","pigeon_milk won"
"scissors","6279638","rock","6269421","hummingbird won"
"paper","997446","rock","1197840","pigeon_milk won"
"rock","945457","scissors","1245912","pigeon_milk won"
"scissors","943451","rock","1118968","hummingbird won"
"scissors","5164622","rock","333660","hummingbird won"
"scissors","960450","scissors","1201596","Tie"
"scissors","1036859","scissors","1235034","Tie"
"paper","922046","scissors","1099633","hummingbird won"
"paper","6600641","paper","389747","Tie"
"rock","977527","paper","1184082","hummingbird won"
"paper","961328","rock","1161137","pigeon_milk won"
"rock","915073","paper","1101094","hummingbird won"
"rock","6495908","paper","383236","hummingbird won"
"rock","976044","rock","1177269","Tie"
"rock","1096157","rock","1314921","Tie"
"scissors","1058731","rock","1242521","hummingbird won"
"scissors","4588606","rock","301076","hummingbird won"
"scissors","943554","rock","1141375","hummingbird won"
"scissors","942289","scissors","1136321","Tie"
"scissors","946989","scissors","1126016","Tie"
"scissors","4289187","scissors","380169","Tie"
"scissors","947278","scissors","1145388","Tie"
"scissors","960294","scissors","1160105","Tie"
"scissors","5797123","scissors","346707","Tie"
"rock","1007047","scissors","1190289","pigeon_milk won"
"scissors","5563145","scissors","284170","Tie"
"scissors","1306429","rock","1548972","hummingbird won"
"rock","4184594","scissors","4174938","pigeon_milk won"
"scissors","2179550","scissors","2169908","Tie"
"scissors","5313912","rock","5304172","hummingbird won"
"scissors","2798549","scissors","2788985","Tie"
"paper","5280583","scissors","5270813","hummingbird won"
"paper","2330584","scissors","2320283","hummingbird won"
"paper","4930624","scissors","4920487","hummingbird won"
"paper","5956249","paper","5946789","Tie"
"rock","2109312","paper","2099302","hummingbird won"
"rock","5241579","paper","5231374","hummingbird won"
"scissors","2164575","paper","2154642","pigeon_milk won"
"paper","5198004","rock","5188833","pigeon_milk won"
"rock","2329006","paper","2319189","hummingbird won"
"scissors","3330483","rock","3320111","hummingbird won"
"scissors","3960583","scissors","3950650","Tie"
"paper","3800012","scissors","3789803","hummingbird won"
"paper","2871404","paper","2860791","Tie"
"rock","4021746","paper","3981652","hummingbird won"
"rock","2543484","paper","2533806","hummingbird won"
"rock","5265542","paper","5255663","hummingbird won"
"rock","4996936","rock","4986981","Tie"
"rock","3667634","rock","3657749","Tie"
"scissors","3209065","rock","3199327","hummingbird won"
"scissors","2708830","scissors","2699318","Tie"
"paper","5720819","scissors","5711313","hummingbird won"
"paper","2391304","paper","2381246","Tie"
"rock","4982680","scissors","4972435","pigeon_milk won"
"scissors","4001218","paper","3967630","pigeon_milk won"
"rock","2620600","paper","2610678","hummingbird won"
"rock","8106218","rock","8096057","Tie"
"rock","2649322","rock","2639663","Tie"
"scissors","2951686","rock","2941005","hummingbird won"
"scissors","8109322","rock","8098901","hummingbird won"
"scissors","6236067","rock","6226053","hummingbird won"
"scissors","3518286","scissors","3507613","Tie"
"paper","2867815","scissors","2857795","hummingbird won"
"paper","4062808","paper","4052514","Tie"
"paper","2667645","paper","2657929","Tie"
"rock","2760250","paper","2749856","hummingbird won"
"rock","3766192","paper","3756447","hummingbird won"
"rock","2413429","rock","2403810","Tie"
"paper","5050847","rock","5041186","pigeon_milk won"
"rock","2814219","paper","2804476","hummingbird won"
"rock","4083981","rock","4052412","Tie"
"paper","2675246","rock","2665411","pigeon_milk won"
"rock","976166","paper","1157465","hummingbird won"
"rock","5298539","rock","320511","Tie"
"paper","985798","rock","1187209","pigeon_milk won"
"rock","1003974","paper","1200806","hummingbird won"
"rock","5291055","rock","1057371","Tie"
"paper","1008259","paper","1296322","Tie"
"rock","948856","rock","1144844","Tie"
"rock","970390","rock","1159750","Tie"
"paper","6418046","rock","374171","pigeon_milk won"
"rock","1047428","rock","1277139","Tie"
"paper","1001409","rock","1202255","pigeon_milk won"
"rock","949710","paper","1126281","hummingbird won"
"rock","6262542","rock","422594","Tie"
"paper","988197","rock","1193756","pigeon_milk won"
"rock","972973","paper","1173836","hummingbird won"
"rock","1031288","rock","1215250","Tie"
"paper","6106297","paper","306843","Tie"
"rock","1070766","paper","1291796","hummingbird won"
"rock","948128","rock","1148643","Tie"
"paper","959074","paper","1142202","Tie"
"paper","4290192","paper","432345","Tie"
"rock","1093743","paper","1322786","hummingbird won"
"rock","927938","rock","1105563","Tie"
"paper","4807929","paper","438042","Tie"
"paper","1034726","rock","1260375","pigeon_milk won"
"rock","1001956","paper","1211368","hummingbird won"
"rock","5566025","paper","259358","hummingbird won"
"rock","1094331","rock","1330063","Tie"
"paper","1020066","rock","1224438","pigeon_milk won"
"rock","995700","rock","1177572","Tie"
"paper","5874467","rock","304801","pigeon_milk won"
"rock","966028","paper","1166254","hummingbird won"
"rock","1023247","rock","1222519","Tie"
"paper","981678","paper","1185592","Tie"
"rock","6223656","rock","304401","Tie"
"rock","1102641","paper","1456411","hummingbird won"
"rock","996099","rock","1202719","Tie"
"paper","1027500","rock","1210525","pigeon_milk won"
"rock","5743529","rock","2128271","Tie"
"paper","4364234","rock","4353430","pigeon_milk won"
"rock","6365940","paper","1490490","hummingbird won"
"rock","1021566","paper","1217750","hummingbird won"
"rock","1124938","paper","1307913","hummingbird won"
"rock","5618558","rock","308994","Tie"
"paper","978609","rock","1171267","pigeon_milk won"
"rock","1067346","rock","1263112","Tie"
"paper","1144984","paper","1325357","Tie"
"rock","5937597","paper","296267","hummingbird won"
"rock","1088010","rock","1304534","Tie"
"paper","1186356","paper","1404884","Tie"
"rock","1199560","rock","1385443","Tie"
"rock","6411333","rock","4695116","Tie"
"paper","971709","paper","1156255","Tie"
"rock","4736200","rock","287553","Tie"
"paper","1035949","paper","1237806","Tie"
"rock","969095","paper","1167543","hummingbird won"
"rock","946185","rock","1124821","Tie"
"paper","6271399","rock","378515","pigeon_milk won"
"rock","986283","paper","1186190","hummingbird won"
"rock","964976","rock","1158660","Tie"
"paper","1065291","rock","1246764","pigeon_milk won"
"scissors","6171785","rock","401920","hummingbird won"
"scissors","1356223","rock","1615510","hummingbird won"
"scissors","940420","scissors","1127450","Tie"
"paper","948228","scissors","1127797","hummingbird won"
"paper","2313745","scissors","323520","hummingbird won"
"paper","5433936","scissors","330129","hummingbird won"
"paper","1510722","paper","2205974","Tie"
"rock","4982824","paper","4972460","hummingbird won"
"rock","5874356","paper","5863949","hummingbird won"
"rock","3262310","rock","3252246","Tie"
"paper","4238114","rock","4228149","pigeon_milk won"
"scissors","2209019","paper","2198773","pigeon_milk won"
"rock","4808527","paper","4798082","hummingbird won"
"rock","7183216","paper","7172393","hummingbird won"
"rock","2567508","rock","2557084","Tie"
"paper","11766402","rock","11755933","pigeon_milk won"
"scissors","2651123","rock","2641138","hummingbird won"
"scissors","4818702","paper","4808677","pigeon_milk won"
"rock","3154684","scissors","3144507","pigeon_milk won"
"scissors","5159237","scissors","5149326","Tie"
"scissors","5606289","scissors","5596052","Tie"
"scissors","2315599","rock","2304695","hummingbird won"
"scissors","5199338","scissors","5189229","Tie"
"scissors","2173287","scissors","2162853","Tie"
"scissors","17605123","scissors","17594368","Tie"
"scissors","4550969","scissors","4540845","Tie"
"rock","4455033","scissors","4444679","pigeon_milk won"
"scissors","4980747","scissors","4970190","Tie"
"scissors","1464734","scissors","2158861","Tie"
"scissors","3862699","rock","3852635","hummingbird won"
"scissors","5334555","scissors","5324497","Tie"
"scissors","1088940","scissors","1315415","Tie"
"scissors","2468813","scissors","2458586","Tie"
"rock","5362946","scissors","5351819","pigeon_milk won"
"scissors","3432278","scissors","3421978","Tie"
"scissors","6314040","scissors","6303306","Tie"
"scissors","1061823","scissors","1261783","Tie"
"rock","5367487","scissors","5357549","pigeon_milk won"
"scissors","5333816","scissors","5323543","Tie"
"rock","3806507","rock","3796924","Tie"
"paper","1057178","rock","1256651","pigeon_milk won"
"rock","965611","scissors","1159203","pigeon_milk won"
"scissors","941941","rock","1117700","hummingbird won"
"scissors","4916995","rock","361942","hummingbird won"
"scissors","967782","scissors","1161646","Tie"
"scissors","931073","scissors","1145518","Tie"
"rock","929183","scissors","1134750","pigeon_milk won"
"scissors","6802483","scissors","341134","Tie"
"rock","1037804","rock","1239017","Tie"
"paper","935108","rock","1129534","pigeon_milk won"
"paper","947750","rock","1123832","pigeon_milk won"
"rock","5513634","paper","332061","hummingbird won"
"rock","5719989","rock","7499004","Tie"
"paper","1098108","rock","1299874","pigeon_milk won"
"rock","1078193","rock","1258601","Tie"
"paper","1803038","rock","334761","pigeon_milk won"
"rock","5917883","rock","365149","Tie"
"paper","996426","paper","1197648","Tie"
"rock","1503138","paper","2345989","hummingbird won"
"rock","2661018","rock","2650081","Tie"
"paper","4969447","paper","4959062","Tie"
"rock","3865714","rock","3855419","Tie"
"paper","5362573","rock","5352410","pigeon_milk won"
"rock","4863540","paper","4853464","hummingbird won"
"rock","5659331","rock","5649319","Tie"
"paper","3666510","rock","3656176","pigeon_milk won"
"rock","2072429","rock","2062203","Tie"
"paper","5685470","paper","5675263","Tie"
"rock","5076997","paper","5066537","hummingbird won"
"rock","2386366","paper","2376232","hummingbird won"
"rock","5327359","rock","5317258","Tie"
"paper","5933798","rock","5924157","pigeon_milk won"
"rock","6198250","paper","6188155","hummingbird won"
"rock","3172974","paper","3162906","hummingbird won"
"rock","5286743","paper","5276926","hummingbird won"
"rock","5105677","rock","5095535","Tie"
"paper","2276146","rock","2265809","pigeon_milk won"
"rock","3889555","paper","3878909","hummingbird won"
"rock","5383189","rock","5373197","Tie"
"paper","2489527","rock","2478744","pigeon_milk won"
"scissors","2451438","rock","2441014","hummingbird won"
"rock","5021684","paper","5010866","hummingbird won"
"rock","3274233","rock","3263305","Tie"
"paper","5286383","scissors","5276447","hummingbird won"
"paper","5150803","rock","5140894","pigeon_milk won"
"rock","2054116","paper","2043911","hummingbird won"
"rock","5137143","rock","4204550","Tie"
"paper","4450222","paper","4439931","Tie"
"rock","1089630","rock","1289843","Tie"
"paper","3312151","paper","3302229","Tie"
"rock","5123748","paper","5113915","hummingbird won"
"rock","3361059","rock","3350619","Tie"
"paper","5144751","rock","5134236","pigeon_milk won"
"rock","964314","paper","1163573","hummingbird won"
"rock","1051606","rock","1291959","Tie"
"paper","923235","rock","1097106","pigeon_milk won"
"paper","4106032","paper","367810","Tie"
"rock","995691","paper","1194285","hummingbird won"
"rock","1091511","paper","1275543","hummingbird won"
"rock","16807847","rock","314421","Tie"
"paper","3511682","rock","3500922","pigeon_milk won"
"scissors","5050978","paper","5040958","pigeon_milk won"
"rock","3752587","paper","3741724","hummingbird won"
"rock","4628643","paper","4618206","hummingbird won"
"rock","3317915","rock","3306951","Tie"
"paper","5235843","rock","5225259","pigeon_milk won"
"scissors","2828063","paper","2799714","pigeon_milk won"
"scissors","4961347","scissors","4950068","Tie"
"scissors","5782307","scissors","5771847","Tie"
"scissors","3537549","scissors","3527346","Tie"
"rock","5063749","scissors","5052623","pigeon_milk won"
"scissors","5476916","scissors","5466221","Tie"
"rock","3099377","rock","3089228","Tie"
"paper","3430281","rock","3419900","pigeon_milk won"
"paper","5501562","rock","5490869","pigeon_milk won"
"rock","3983375","rock","3972967","Tie"
"paper","8004865","paper","7994174","Tie"
"rock","2174942","rock","2164385","Tie"
"paper","12368016","paper","12357557","Tie"
"rock","2461308","rock","2451482","Tie"
"paper","5311441","paper","5301133","Tie"
"rock","1082568","rock","1281260","Tie"
"paper","4187157","paper","4177088","Tie"
"rock","5301223","paper","5291090","hummingbird won"
"rock","1069982","rock","1295607","Tie"
"paper","3119247","rock","3109567","pigeon_milk won"
"scissors","5287499","rock","5277332","hummingbird won"
"rock","12154567","scissors","12143793","pigeon_milk won"
"scissors","2378905","paper","2368644","pigeon_milk won"
"rock","2212461","scissors","2202464","pigeon_milk won"
"scissors","8164522","rock","8154074","hummingbird won"
"scissors","1081443","rock","1310078","hummingbird won"
"scissors","2092972","scissors","2082616","Tie"
"rock","5743301","scissors","5733006","pigeon_milk won"
"scissors","1077941","scissors","1277524","Tie"
"rock","5135710","scissors","5125376","pigeon_milk won"
"scissors","1108148","scissors","1335767","Tie"
"rock","3502786","scissors","3492599","pigeon_milk won"
"scissors","3101095","scissors","3090991","Tie"
"rock","1209516","scissors","1431203","pigeon_milk won"
"scissors","3029300","rock","3018723","hummingbird won"
"scissors","5048163","scissors","5037697","Tie"
"rock","4211487","rock","4200450","Tie"
"paper","2573820","rock","2563409","pigeon_milk won"
"rock","5316193","scissors","5306167","pigeon_milk won"
"scissors","4131486","paper","4121615","pigeon_milk won"
"rock","1090985","rock","1292421","Tie"
"rock","5544268","rock","5534034","Tie"
"paper","5257786","rock","5248265","pigeon_milk won"
"rock","1100961","rock","1318825","Tie"
"paper","2628832","paper","2618788","Tie"
"rock","5289950","rock","5279518","Tie"
"paper","1091470","rock","1292071","pigeon_milk won"
"rock","4364080","paper","4354309","hummingbird won"
"rock","1015115","rock","1210569","Tie"
"rock","944925","rock","1143643","Tie"
"paper","930298","rock","1099906","pigeon_milk won"
"rock","4314844","rock","371262","Tie"
"paper","1001309","paper","1195204","Tie"
"rock","4943877","rock","1369799","Tie"
"paper","1041433","rock","1289518","pigeon_milk won"
"rock","983884","paper","1211313","hummingbird won"
"rock","973297","rock","1145261","Tie"
"rock","3633318","paper","303129","hummingbird won"
"rock","946617","rock","1144696","Tie"
"paper","999570","rock","1178680","pigeon_milk won"
"rock","5244592","rock","644980","Tie"
"paper","998296","paper","1221763","Tie"
"rock","960418","paper","1148640","hummingbird won"
"rock","4901946","rock","1251255","Tie"
"paper","1041382","rock","1273543","pigeon_milk won"
"rock","963215","paper","1157376","hummingbird won"
"paper","1158936","rock","1342781","pigeon_milk won"
"rock","5311114","paper","353322","hummingbird won"
"rock","1025394","paper","1221345","hummingbird won"
"rock","960288","rock","1153155","Tie"
"rock","943413","rock","1116397","Tie"
"paper","3335764","rock","414663","pigeon_milk won"
"rock","1088711","paper","1270395","hummingbird won"
"rock","6999427","rock","303739","Tie"
"scissors","1128064","rock","1327461","hummingbird won"
"scissors","1000445","rock","1195605","hummingbird won"
"scissors","972464","rock","1148252","hummingbird won"
"scissors","6067866","scissors","296372","Tie"
"rock","1080954","scissors","1300426","pigeon_milk won"
"rock","1015477","scissors","1215294","pigeon_milk won"
"scissors","967287","rock","1143873","hummingbird won"
"scissors","10003554","rock","303261","hummingbird won"
"scissors","1011701","scissors","1212076","Tie"
"rock","965590","scissors","1157593","pigeon_milk won"
"rock","5631569","scissors","288124","pigeon_milk won"
"scissors","981021","rock","1180804","hummingbird won"
"scissors","1543283","rock","1833959","hummingbird won"
"scissors","1089120","rock","1299906","hummingbird won"
"scissors","6603916","scissors","326956","Tie"
"rock","1051597","scissors","1253464","pigeon_milk won"
"rock","968741","scissors","1158462","pigeon_milk won"
"scissors","950842","scissors","1124954","Tie"
"rock","6163711","scissors","329569","pigeon_milk won"
"rock","1111438","rock","1336459","Tie"
"paper","995403","rock","1191480","pigeon_milk won"
"rock","948034","rock","1120855","Tie"
"paper","6103934","rock","366230","pigeon_milk won"
"rock","1014383","paper","1212207","hummingbird won"
"paper","999529","rock","1193424","pigeon_milk won"
"rock","968138","paper","1141739","hummingbird won"
"rock","6258797","paper","331870","hummingbird won"
"rock","1133248","rock","1358172","Tie"
"rock","989286","rock","1182432","Tie"
"paper","2347287","rock","1379631","pigeon_milk won"
"rock","4719303","rock","358458","Tie"
"paper","971131","rock","1166061","pigeon_milk won"
"rock","1093657","paper","1292016","hummingbird won"
"paper","989358","rock","1166633","pigeon_milk won"
"rock","5543013","rock","2774815","Tie"
"paper","1334797","paper","1323441","Tie"
"rock","6774390","rock","321663","Tie"
"paper","1072048","rock","1272727","pigeon_milk won"
"rock","1013663","rock","1210042","Tie"
"paper","994890","rock","1226260","pigeon_milk won"
"rock","5875564","rock","382533","Tie"
"paper","979660","rock","1176376","pigeon_milk won"
"rock","1022797","rock","1217662","Tie"
"paper","1103799","rock","1281498","pigeon_milk won"
"rock","2313659","rock","297169","Tie"
"scissors","5865919","paper","361861","pigeon_milk won"
"rock","941683","scissors","1138496","pigeon_milk won"
"scissors","995758","scissors","1235620","Tie"
"rock","1310427","scissors","1560227","pigeon_milk won"
"rock","4223309","rock","300802","Tie"
"paper","946570","rock","1139609","pigeon_milk won"
"rock","1059452","rock","1240788","Tie"
"scissors","7130010","rock","370146","hummingbird won"
"scissors","1003624","scissors","1200599","Tie"
"rock","1074978","scissors","1274328","pigeon_milk won"
"rock","1047756","scissors","1225887","pigeon_milk won"
"scissors","6272031","rock","317091","hummingbird won"
"scissors","998384","scissors","1193407","Tie"
"rock","1025938","rock","1327208","Tie"
"paper","1413288","rock","1640765","pigeon_milk won"
"paper","5246789","scissors","402370","hummingbird won"
"paper","1022358","rock","1222265","pigeon_milk won"
"rock","1109085","paper","1321281","hummingbird won"
"rock","953173","paper","1126931","hummingbird won"
"rock","6062976","paper","392428","hummingbird won"
"rock","1115011","rock","1314790","Tie"
"rock","1043339","rock","1242440","Tie"
"rock","1158451","rock","1337801","Tie"
"paper","5812690","rock","382888","pigeon_milk won"
"paper","983839","rock","1186013","pigeon_milk won"
"rock","1320547","paper","1544848","hummingbird won"
"rock","1006361","paper","1188241","hummingbird won"
"rock","6372199","paper","412266","hummingbird won"
"rock","1037745","rock","1233606","Tie"
"rock","1055673","rock","1378862","Tie"
"rock","931096","rock","1106576","Tie"
"rock","6913218","rock","384147","Tie"
"rock","1007664","rock","1204421","Tie"
"rock","1098242","rock","1312608","Tie"
"rock","3428574","rock","1281784","Tie"
"rock","1075867","rock","1277468","Tie"
"rock","1052863","rock","1235101","Tie"
"rock","3948290","rock","380467","Tie"
"rock","1080356","rock","1294304","Tie"
"rock","1089362","rock","1273245","Tie"
"rock","5765946","rock","332057","Tie"
"rock","1302101","rock","1545494","Tie"
"rock","1092775","rock","1283487","Tie"
"rock","1137098","rock","1322548","Tie"
"rock","4002660","rock","3992044","Tie"
"rock","5769717","rock","5759526","Tie"
"rock","4449204","rock","4438894","Tie"
"rock","3306432","rock","3295881","Tie"
"rock","2214029","rock","2203996","Tie"
"rock","5716257","rock","5705674","Tie"
"rock","2119002","rock","2108679","Tie"
"rock","3416481","rock","3406278","Tie"
"rock","5302896","rock","5292780","Tie"
"rock","4421869","rock","4411875","Tie"
"paper","2917968","rock","2908499","pigeon_milk won"
"paper","8881882","rock","8871051","pigeon_milk won"
"rock","5487019","paper","5476793","hummingbird won"
"rock","5932023","rock","5922130","Tie"
"scissors","4568921","paper","4558698","pigeon_milk won"
"rock","3833300","scissors","3823297","pigeon_milk won"
"scissors","4023228","scissors","4012974","Tie"
"rock","4011039","scissors","4000894","pigeon_milk won"
"rock","2475881","rock","2465292","Tie"
"rock","4017331","rock","4007454","Tie"
"rock","5252228","rock","5241953","Tie"
"rock","2523996","rock","2513908","Tie"
"rock","6033859","rock","6023834","Tie"
"rock","5290902","rock","5280422","Tie"
"rock","5415065","rock","5404979","Tie"
"rock","1114792","rock","1315179","Tie"
"rock","5671530","rock","5661547","Tie"
"rock","5502674","rock","5492494","Tie"
"rock","4658327","rock","4648071","Tie"
"rock","5662283","rock","5651972","Tie"
"paper","4550846","rock","4540775","pigeon_milk won"
"paper","5917403","paper","5907229","Tie"
"rock","2508507","paper","2479296","hummingbird won"
"rock","3623413","paper","3613756","hummingbird won"
"rock","5250427","rock","5240662","Tie"
"rock","7671850","rock","7660526","Tie"
"rock","2346647","rock","2336439","Tie"
"rock","2223768","rock","2214063","Tie"
"rock","4305517","rock","4295124","Tie"
"rock","4728433","rock","4718234","Tie"
"rock","5103021","rock","5092145","Tie"
"rock","3369774","rock","3360096","Tie"
"rock","3124626","rock","3113401","Tie"
"paper","3833939","rock","3823529","pigeon_milk won"
"paper","5292491","rock","5282007","pigeon_milk won"
"scissors","2664442","paper","2654146","pigeon_milk won"
"rock","3377985","scissors","3366960","pigeon_milk won"
"scissors","2861431","rock","2850944","hummingbird won"
"scissors","5737722","scissors","5727718","Tie"
"rock","8098095","scissors","8087714","pigeon_milk won"
"rock","2079157","scissors","2068437","pigeon_milk won"
"scissors","5778854","rock","5769090","hummingbird won"
"scissors","1188538","rock","1399223","hummingbird won"
"scissors","2915762","scissors","2905617","Tie"
"rock","35192688","scissors","1772674","pigeon_milk won"
"rock","3925805","scissors","3915100","pigeon_milk won"
"scissors","5344294","scissors","5333706","Tie"
"rock","2983101","rock","2972953","Tie"
"rock","3988138","rock","3978434","Tie"
"rock","5327933","rock","5318211","Tie"
"rock","1080581","rock","1654537","Tie"
"rock","3207118","rock","3196920","Tie"
"rock","5309442","rock","5299280","Tie"
"rock","1100820","rock","1296338","Tie"
"rock","2374990","rock","2365168","Tie"
"paper","43782254","rock","1808489","pigeon_milk won"
"paper","3695986","rock","2869672","pigeon_milk won"
"scissors","5625235","rock","335312","hummingbird won"
"rock","965967","paper","1150069","hummingbird won"
"paper","1155315","paper","1379132","Tie"
"rock","1065592","scissors","1240813","pigeon_milk won"
"rock","2085670","rock","328590","Tie"
"rock","5452218","paper","318569","hummingbird won"
"rock","952823","rock","1143724","Tie"
"rock","927757","rock","1117978","Tie"
"rock","951565","rock","1264162","Tie"
"rock","6326129","rock","319317","Tie"
"rock","966829","rock","1153773","Tie"
"rock","1054685","rock","1244512","Tie"
"rock","990071","rock","1166307","Tie"
"paper","6315365","rock","369569","pigeon_milk won"
"scissors","976457","paper","1175121","pigeon_milk won"
"rock","974357","rock","1163837","Tie"
"rock","1011297","paper","2718346","hummingbird won"
"rock","7584498","rock","291479","Tie"
"rock","1064954","rock","1246371","Tie"
"rock","1034294","rock","1215742","Tie"
"rock","968717","rock","1128679","Tie"
"rock","6263919","rock","377536","Tie"
"rock","1211374","rock","1418315","Tie"
"paper","1065866","rock","1250948","pigeon_milk won"
"scissors","975809","rock","1139195","hummingbird won"
"rock","6020378","scissors","373515","pigeon_milk won"
"rock","1060412","rock","1259349","Tie"
"rock","1013047","rock","1194985","Tie"
"rock","1183587","rock","1376822","Tie"
"rock","7268253","rock","381865","Tie"
"rock","980580","rock","1162230","Tie"
"rock","1092578","rock","1268467","Tie"
"paper","1047494","rock","1207074","pigeon_milk won"
"scissors","6324032","rock","347732","hummingbird won"
"rock","1006157","rock","1187574","Tie"
"rock","957637","rock","1133313","Tie"
"rock","953753","scissors","1117994","pigeon_milk won"
"scissors","6440909","rock","272748","hummingbird won"
"scissors","946036","rock","1120407","hummingbird won"
"scissors","1100427","scissors","1278811","Tie"
"scissors","1117113","scissors","1284793","Tie"
"scissors","6155299","scissors","279035","Tie"
"scissors","980658","scissors","1299992","Tie"
"scissors","933390","scissors","1109100","Tie"
"scissors","937125","scissors","1099658","Tie"
"scissors","4850782","scissors","336763","Tie"
"scissors","1052925","scissors","1230302","Tie"
"scissors","929948","scissors","1107651","Tie"
"scissors","1000578","scissors","1162222","Tie"
"scissors","3831256","scissors","309671","Tie"
"scissors","1018451","scissors","1337926","Tie"
"scissors","1084102","scissors","1250021","Tie"
"scissors","7250233","scissors","399287","Tie"
"scissors","938466","scissors","1117606","Tie"
"scissors","923508","scissors","1109298","Tie"
"scissors","7192547","scissors","335880","Tie"
"scissors","963999","scissors","1143787","Tie"
"scissors","973085","scissors","1306319","Tie"
"scissors","935818","scissors","1094562","Tie"
"scissors","5979270","scissors","315356","Tie"
"scissors","978157","scissors","1161975","Tie"
"scissors","954741","scissors","1136538","Tie"
"scissors","890214","scissors","1074362","Tie"
"scissors","6531081","scissors","332995","Tie"
"scissors","1023659","scissors","1204787","Tie"
"scissors","975935","scissors","1151184","Tie"
"scissors","893090","scissors","1089855","Tie"
"scissors","6433359","scissors","301784","Tie"
"scissors","974874","scissors","1157957","Tie"
"scissors","957415","scissors","1136717","Tie"
"scissors","1041374","scissors","1209206","Tie"
"scissors","6476898","scissors","365973","Tie"
"scissors","1081568","scissors","1267878","Tie"
"scissors","1283969","scissors","1488718","Tie"
"scissors","1498540","scissors","1748410","Tie"
"scissors","3559234","scissors","3550447","Tie"
"rock","5501963","scissors","5493505","pigeon_milk won"
"rock","5149004","scissors","5140814","pigeon_milk won"
"scissors","2896639","rock","2888084","hummingbird won"
"scissors","5088916","scissors","5079881","Tie"
"scissors","5590858","rock","5582440","hummingbird won"
"scissors","5027708","scissors","5019177","Tie"
"scissors","4899403","scissors","4890799","Tie"
"scissors","5411744","scissors","5403263","Tie"
"scissors","3779784","scissors","3771242","Tie"
"scissors","4026213","scissors","4017630","Tie"
"scissors","3695719","scissors","3687371","Tie"
"scissors","2065940","scissors","2057925","Tie"
"scissors","9359068","scissors","9350512","Tie"
"scissors","5024008","scissors","5015952","Tie"
"scissors","5039138","scissors","5030909","Tie"
"scissors","4230818","scissors","4222807","Tie"
"scissors","4313745","scissors","4305009","Tie"
"scissors","4995190","scissors","4986230","Tie"
"scissors","2066987","scissors","2058654","Tie"
"scissors","4294959","scissors","4286455","Tie"
"scissors","5135249","scissors","5126845","Tie"
"scissors","969336","scissors","1152224","Tie"
"scissors","5352719","scissors","5344739","Tie"
"rock","957180","scissors","1137196","pigeon_milk won"
"paper","921237","rock","1097034","pigeon_milk won"
"rock","3747329","paper","3738857","hummingbird won"
"paper","1072829","rock","1262561","pigeon_milk won"
"rock","993906","rock","1160474","Tie"
"scissors","3862780","rock","3854722","hummingbird won"
"scissors","1070158","rock","1250897","hummingbird won"
"scissors","971128","rock","1158100","hummingbird won"
"scissors","2561283","scissors","2552865","Tie"
"scissors","5200086","scissors","5191840","Tie"
"scissors","1750662","scissors","1742464","Tie"
"scissors","5424242","scissors","5415873","Tie"
"scissors","5261811","scissors","5253609","Tie"
"scissors","5718774","scissors","5710829","Tie"
"scissors","4876981","scissors","4868622","Tie"
"scissors","10755075","scissors","10746115","Tie"
"scissors","3654257","scissors","3646423","Tie"
"scissors","3992747","scissors","3984446","Tie"
"scissors","5295675","scissors","5287302","Tie"
"scissors","5375865","scissors","5366093","Tie"
"scissors","3632692","scissors","3624466","Tie"
"rock","2609366","scissors","2601155","pigeon_milk won"
"rock","5006751","scissors","4998453","pigeon_milk won"
"scissors","4729618","rock","4721133","hummingbird won"
"rock","5318907","scissors","5310733","pigeon_milk won"
"paper","4716738","scissors","4708364","hummingbird won"
"paper","5306095","rock","5297890","pigeon_milk won"
"rock","3791139","rock","3783019","Tie"
"rock","4209379","paper","4200733","hummingbird won"
"rock","5295709","paper","5287412","hummingbird won"
"rock","5568970","rock","5560937","Tie"
"rock","5223858","rock","5196863","Tie"
"rock","4353724","rock","4345483","Tie"
"rock","2598520","rock","2589922","Tie"
"rock","13330329","rock","13321487","Tie"
"rock","5714262","rock","5705066","Tie"
"rock","4662463","rock","4653546","Tie"
"rock","3686595","rock","3677926","Tie"
"rock","5943473","rock","5935104","Tie"
"rock","2930591","rock","2922152","Tie"
"rock","3139370","rock","3130490","Tie"
"paper","4991913","rock","4983350","pigeon_milk won"
"scissors","2195778","rock","2187527","hummingbird won"
"rock","4427073","rock","4418222","Tie"
"rock","4026482","paper","4017760","hummingbird won"
"rock","2399909","scissors","2391627","pigeon_milk won"
"scissors","4551208","rock","4542633","hummingbird won"
"scissors","5279121","rock","5270595","hummingbird won"
"scissors","3152100","rock","3143378","hummingbird won"
"scissors","5226468","scissors","5217891","Tie"
"scissors","2070350","scissors","2061853","Tie"
"scissors","5773631","scissors","5765034","Tie"
"scissors","3120693","scissors","3112160","Tie"
"scissors","5066605","scissors","5057889","Tie"
"scissors","2087491","scissors","2079187","Tie"
"scissors","5709223","scissors","5700877","Tie"
"scissors","2108169","scissors","2099840","Tie"
"scissors","5754843","scissors","5746181","Tie"
"scissors","3854394","scissors","3846029","Tie"
"scissors","4149642","scissors","4140911","Tie"
"rock","2427273","scissors","2419074","pigeon_milk won"
"paper","5744725","scissors","5736376","hummingbird won"
"paper","2605357","rock","2596586","pigeon_milk won"
"rock","3774064","paper","3765583","hummingbird won"
"rock","5765586","paper","5756876","hummingbird won"
"rock","5610294","paper","5601655","hummingbird won"
"paper","5255262","rock","5246280","pigeon_milk won"
"rock","5786126","paper","5777898","hummingbird won"
"rock","4902657","rock","4893012","Tie"
"rock","3935152","rock","3926838","Tie"
"rock","5160459","rock","5151931","Tie"
"rock","2261186","rock","2252422","Tie"
"rock","5597759","rock","5589391","Tie"
"rock","5336386","rock","5327709","Tie"
"rock","4868747","rock","4859990","Tie"
"rock","2309376","rock","2300880","Tie"
"rock","4255732","rock","4247173","Tie"
"paper","3824270","rock","3816240","pigeon_milk won"
"scissors","3596623","paper","3588209","pigeon_milk won"
"rock","5146063","paper","5137653","hummingbird won"
"rock","5660260","paper","5650356","hummingbird won"
"rock","2732250","scissors","2723770","pigeon_milk won"
"scissors","4361742","rock","4353343","hummingbird won"
"scissors","3658650","rock","3650325","hummingbird won"
"scissors","2062532","scissors","2054510","Tie"
"scissors","2343342","scissors","2335093","Tie"
"scissors","5615779","scissors","5607682","Tie"
"scissors","2241696","scissors","2233491","Tie"
"scissors","5248008","scissors","5239564","Tie"
"scissors","2201427","scissors","2193214","Tie"
"scissors","5322624","scissors","5314256","Tie"
"scissors","5767799","scissors","5759382","Tie"
"scissors","12193170","scissors","12166696","Tie"
"scissors","5575344","scissors","5567089","Tie"
"rock","5275090","scissors","5266776","pigeon_milk won"
"paper","2328887","scissors","2320654","hummingbird won"
"paper","5252130","paper","5243439","Tie"
"scissors","2202681","paper","2194667","pigeon_milk won"
"rock","4980721","paper","4972442","hummingbird won"
"paper","2194843","scissors","2186708","hummingbird won"
"scissors","5321288","paper","5313297","pigeon_milk won"
"rock","2169644","paper","2161470","hummingbird won"
"paper","5261807","rock","5253496","pigeon_milk won"
"rock","2158205","scissors","2149932","pigeon_milk won"
"scissors","12388982","paper","12379957","pigeon_milk won"
"rock","2092304","paper","2083963","hummingbird won"
"paper","9917856","rock","9909060","pigeon_milk won"
"paper","5112056","paper","5103583","Tie"
"rock","962472","paper","1140053","hummingbird won"
"paper","1008493","paper","1190101","Tie"
"rock","984320","rock","1143277","Tie"
"rock","6303968","rock","268828","Tie"
"rock","960650","paper","1139770","hummingbird won"
"paper","1102997","rock","1282873","pigeon_milk won"
"scissors","1024952","paper","1190592","pigeon_milk won"
"rock","6052492","scissors","283475","pigeon_milk won"
"scissors","967647","paper","1151687","pigeon_milk won"
"rock","1141754","rock","1345386","Tie"
"rock","972730","rock","1135440","Tie"
"rock","5193342","rock","307890","Tie"
"rock","1089904","rock","1293168","Tie"
"rock","1535549","rock","1526790","Tie"
"rock","6139869","rock","390846","Tie"
"rock","1129858","rock","1319646","Tie"
"rock","969800","rock","1131400","Tie"
"paper","5969846","rock","276481","pigeon_milk won"
"paper","947835","rock","1125822","pigeon_milk won"
"scissors","1414904","paper","1619384","pigeon_milk won"
"rock","977053","scissors","1141300","pigeon_milk won"
"paper","2022551","scissors","308890","hummingbird won"
"scissors","5669754","scissors","337666","Tie"
"scissors","974447","rock","1151524","hummingbird won"
"scissors","971092","paper","1146610","pigeon_milk won"
"rock","959141","scissors","1126227","pigeon_milk won"
"rock","6344473","scissors","286212","pigeon_milk won"
"rock","964400","rock","1144464","Tie"
"rock","982115","rock","1161888","Tie"
"rock","1131098","rock","1327661","Tie"
"rock","6234253","rock","285234","Tie"
"rock","984942","rock","1165963","Tie"
"rock","975780","rock","1155504","Tie"
"rock","969141","rock","1157189","Tie"
"paper","6116236","rock","301868","pigeon_milk won"
"paper","970823","rock","1148518","pigeon_milk won"
"scissors","959224","paper","1133214","pigeon_milk won"
"rock","4935950","paper","1241808","hummingbird won"
"paper","1039126","scissors","1263675","hummingbird won"
"scissors","960084","scissors","1137698","Tie"
"scissors","906083","rock","1063305","hummingbird won"
"scissors","7085919","scissors","305063","Tie"
"scissors","995123","scissors","1172975","Tie"
"scissors","986173","scissors","1167319","Tie"
"scissors","5122534","scissors","1295413","Tie"
"scissors","951192","scissors","1177073","Tie"
"scissors","972271","scissors","1147211","Tie"
"scissors","943860","scissors","1101664","Tie"
"scissors","6870119","scissors","414954","Tie"
"scissors","976065","scissors","1157190","Tie"
"rock","987000","scissors","1169031","pigeon_milk won"
"paper","969239","rock","1134777","pigeon_milk won"
"rock","6413613","paper","348859","hummingbird won"
"paper","1085879","rock","1276528","pigeon_milk won"
"paper","1083802","paper","1404038","Tie"
"rock","924338","paper","1083136","hummingbird won"
"paper","5313168","rock","307670","pigeon_milk won"
"scissors","990432","rock","1169865","hummingbird won"
"rock","987151","paper","1166233","hummingbird won"
"paper","963387","paper","1120928","Tie"
